candidate_id,app_name,package_name,repository_url,xml_path,issue_type,issue_subtype,candidate_role,decision,model_calls,correct_static_repair_refusal,notes
src-74822db4a0c5c0cab458,Prav,app.prav.client,https://codeberg.org/prav/prav.git,src/main/res/layout/actionview_search.xml,focus_accessibility_tree,unnamed_focusable_container,boundary,blocked_before_model,0,true,Frozen boundary candidate is excluded from XML-safe repair execution.
src-8feded1c19cd48296a85,ShareX,com.akansh.fileserversuit,https://github.com/akanshSirohi/ShareX.git,app/src/main/res/layout/fab_drop_view.xml,static_xml_boundary,custom_view_runtime_semantics,boundary,blocked_before_model,0,true,Frozen boundary candidate is excluded from XML-safe repair execution.
src-b7f1978b0061e2737d1c,ShareX,com.akansh.fileserversuit,https://github.com/akanshSirohi/ShareX.git,app/src/main/res/layout/fab_drop_view.xml,static_xml_boundary,custom_view_runtime_semantics,boundary,blocked_before_model,0,true,Frozen boundary candidate is excluded from XML-safe repair execution.
src-483c108627d0e61ef4c3,FocusMastodon,allen.town.focus.mastodon,https://github.com/allentown521/FocusMastodon.git,app/src/main/res/layout/activity_pro_version.xml,static_xml_boundary,image_semantics_runtime_or_visual_context,boundary,blocked_before_model,0,true,Frozen boundary candidate is excluded from XML-safe repair execution.
src-ad61a5b9bc59704943f9,FocusMastodon,allen.town.focus.mastodon,https://github.com/allentown521/FocusMastodon.git,app/src/main/res/layout/activity_pro_version.xml,static_xml_boundary,image_semantics_runtime_or_visual_context,boundary,blocked_before_model,0,true,Frozen boundary candidate is excluded from XML-safe repair execution.
src-badb07f07f339a8680e5,FocusMastodon,allen.town.focus.mastodon,https://github.com/allentown521/FocusMastodon.git,app/src/main/res/layout/fragment_onboarding_common.xml,focus_accessibility_tree,unnamed_focusable_container,boundary,blocked_before_model,0,true,Frozen boundary candidate is excluded from XML-safe repair execution.
src-90f0e704987772851dbc,FocusMastodon,allen.town.focus.mastodon,https://github.com/allentown521/FocusMastodon.git,app/src/main/res/layout/item_blocked_user.xml,accessible_name_quality,meaningful_image_requires_description_review,boundary,blocked_before_model,0,true,Frozen boundary candidate is excluded from XML-safe repair execution.
src-536ef63b6a37cacb5fb2,FocusPodcast,allen.town.focus.podcast,https://github.com/allentown521/FocusPodcast.git,app/src/main/res/layout-land/circle_cover_fragment.xml,accessible_name_quality,meaningful_image_requires_description_review,boundary,blocked_before_model,0,true,Frozen boundary candidate is excluded from XML-safe repair execution.
src-7a45dce08feb51bca10e,FocusPodcast,allen.town.focus.podcast,https://github.com/allentown521/FocusPodcast.git,app/src/main/res/layout/circle_cover_fragment.xml,accessible_name_quality,meaningful_image_requires_description_review,boundary,blocked_before_model,0,true,Frozen boundary candidate is excluded from XML-safe repair execution.
src-9d59dd8eff1713687f84,DuckDuckGo Privacy Browser,com.duckduckgo.mobile.android,https://github.com/duckduckgo/Android.git,android-design-system/design-system-internal/src/main/res/layout/component_buttons.xml,static_xml_boundary,custom_view_runtime_semantics,boundary,blocked_before_model,0,true,Frozen boundary candidate is excluded from XML-safe repair execution.
src-2c3d7c1482fe367f5559,DuckDuckGo Privacy Browser,com.duckduckgo.mobile.android,https://github.com/duckduckgo/Android.git,android-design-system/design-system-internal/src/main/res/layout/component_menu_item.xml,static_xml_boundary,nonsemantic_clickable_requires_structure_or_code,boundary,blocked_before_model,0,true,Frozen boundary candidate is excluded from XML-safe repair execution.
src-bc766e267bb382489f6a,DuckDuckGo Privacy Browser,com.duckduckgo.mobile.android,https://github.com/duckduckgo/Android.git,android-design-system/design-system-internal/src/main/res/layout/component_menu_item.xml,static_xml_boundary,custom_view_runtime_semantics,boundary,blocked_before_model,0,true,Frozen boundary candidate is excluded from XML-safe repair execution.
src-dd16197314a543442616,DuckDuckGo Privacy Browser,com.duckduckgo.mobile.android,https://github.com/duckduckgo/Android.git,android-design-system/design-system/src/main/res/layout/view_dax_dialog.xml,accessible_name_quality,meaningful_image_requires_description_review,boundary,blocked_before_model,0,true,Frozen boundary candidate is excluded from XML-safe repair execution.
src-06993a4424d936147382,org.fossify.phone,org.fossify.phone,https://github.com/FossifyOrg/Phone.git,app/src/main/res/layout/call_notification.xml,accessible_name_quality,meaningful_image_requires_description_review,boundary,blocked_before_model,0,true,Frozen boundary candidate is excluded from XML-safe repair execution.
src-33b34dbb9252eb142c3f,QuickLyric (old),be.geecko.QuickLyric,https://github.com/geecko86/QuickLyric,QuickLyric/src/main/res/layout-land/tutorial_4.xml,static_xml_boundary,image_semantics_runtime_or_visual_context,boundary,blocked_before_model,0,true,Frozen boundary candidate is excluded from XML-safe repair execution.
src-dbe02cdb01c77d2778bf,Authenticator,com.google.android.apps.authenticator2,https://github.com/google/google-authenticator-android,java/com/google/android/apps/authenticator/res/layout-sw360dp/main_no_accounts.xml,accessible_name_quality,meaningful_image_requires_description_review,boundary,blocked_before_model,0,true,Frozen boundary candidate is excluded from XML-safe repair execution.
src-1acb50699ae750682215,Authenticator,com.google.android.apps.authenticator2,https://github.com/google/google-authenticator-android,java/com/google/android/apps/authenticator/res/layout-sw600dp-land/main_no_accounts.xml,accessible_name_quality,meaningful_image_requires_description_review,boundary,blocked_before_model,0,true,Frozen boundary candidate is excluded from XML-safe repair execution.
src-c0968f8faedad30d401f,FreeOTP Plus,org.liberty.android.freeotpplus,https://github.com/helloworld1/FreeOTPPlus.git,app/src/main/res/layout/edit.xml,focus_accessibility_tree,unnamed_focusable_container,boundary,blocked_before_model,0,true,Frozen boundary candidate is excluded from XML-safe repair execution.
src-69d40693aa2a7502db52,FreeOTP Plus,org.liberty.android.freeotpplus,https://github.com/helloworld1/FreeOTPPlus.git,app/src/main/res/layout/edit.xml,focus_accessibility_tree,unnamed_focusable_container,boundary,blocked_before_model,0,true,Frozen boundary candidate is excluded from XML-safe repair execution.
src-0c8638d62dfae4b03454,FreeOTP Plus,org.liberty.android.freeotpplus,https://github.com/helloworld1/FreeOTPPlus.git,app/src/main/res/layout/token.xml,accessible_name_quality,meaningful_image_requires_description_review,boundary,blocked_before_model,0,true,Frozen boundary candidate is excluded from XML-safe repair execution.
src-3666aea22fa859e747a3,FreeOTP Plus,org.liberty.android.freeotpplus,https://github.com/helloworld1/FreeOTPPlus.git,app/src/main/res/layout/token.xml,static_xml_boundary,image_semantics_runtime_or_visual_context,boundary,blocked_before_model,0,true,Frozen boundary candidate is excluded from XML-safe repair execution.
src-11c13155c195d6bee0cf,Infomaniak Mail,com.infomaniak.mail,https://github.com/Infomaniak/android-kMail.git,app/src/main/res/layout/fragment_ai_prompt.xml,static_xml_boundary,nonsemantic_clickable_requires_structure_or_code,boundary,blocked_before_model,0,true,Frozen boundary candidate is excluded from XML-safe repair execution.
src-f9fd2670821079ba1f98,Infomaniak Mail,com.infomaniak.mail,https://github.com/Infomaniak/android-kMail.git,app/src/main/res/layout/fragment_ai_proposition.xml,focus_accessibility_tree,unnamed_focusable_container,boundary,blocked_before_model,0,true,Frozen boundary candidate is excluded from XML-safe repair execution.
src-f8fcd55f7fb13fda0816,Infomaniak Mail,com.infomaniak.mail,https://github.com/Infomaniak/android-kMail.git,app/src/main/res/layout/fragment_search.xml,static_xml_boundary,nonsemantic_clickable_requires_structure_or_code,boundary,blocked_before_model,0,true,Frozen boundary candidate is excluded from XML-safe repair execution.
src-a2b397190c2426dab517,Infomaniak Mail,com.infomaniak.mail,https://github.com/Infomaniak/android-kMail.git,app/src/main/res/layout/fragment_thread_list.xml,focus_accessibility_tree,unnamed_focusable_container,boundary,blocked_before_model,0,true,Frozen boundary candidate is excluded from XML-safe repair execution.
src-01013a1ceebce70d3c32,Session,network.loki.messenger.fdroid,https://github.com/session-foundation/session-android.git,app/src/main/res/layout/giphy_activity.xml,accessible_name_quality,meaningful_image_requires_description_review,boundary,blocked_before_model,0,true,Frozen boundary candidate is excluded from XML-safe repair execution.
src-1aaa7fc7f0335a0333dd,ch.threema.app.libre,ch.threema.app.libre,https://github.com/threema-ch/threema-android.git,app/src/blue/res/layout/activity_enter_serial.xml,accessible_name_quality,meaningful_image_requires_description_review,boundary,blocked_before_model,0,true,Frozen boundary candidate is excluded from XML-safe repair execution.
src-f7dc2be3f41957714f6e,ch.threema.app.libre,ch.threema.app.libre,https://github.com/threema-ch/threema-android.git,app/src/blue/res/layout/activity_enter_serial.xml,accessible_name_quality,meaningful_image_requires_description_review,boundary,blocked_before_model,0,true,Frozen boundary candidate is excluded from XML-safe repair execution.
src-38b06a3e4cd1ecba9f4c,Gear Shift,org.sugr.gearshift,https://github.com/urandom/gearshift,gearshift/src/main/res/layout/transmission_session_connections.xml,focus_accessibility_tree,unnamed_focusable_container,boundary,blocked_before_model,0,true,Frozen boundary candidate is excluded from XML-safe repair execution.
src-f75a75531678eeac3edb,Crescent,app.crescentcash.src,https://gitlab.com/pokkst/crescentcash.git,app/src/main/res/layout/send.xml,accessible_name_quality,meaningful_image_requires_description_review,boundary,blocked_before_model,0,true,Frozen boundary candidate is excluded from XML-safe repair execution.
