task_id,app_name,package_name,repository_url,source_commit,input_resource_sha256,archive_path
Amaze-Utilities--activity_error--28a5c8e6,Amaze Utilities,com.amaze.fileutilities,https://github.com/TeamAmaze/AmazeFileUtilities,272a2846c1af5314a9e75090b1a8472d6915b718,d40228aedf4b5a8dabeb3949fba624a1654f74525721cc47fea3311534864867,frozen_inputs/Amaze-Utilities--activity_error--28a5c8e6
Amaze-Utilities--fragment_audios_list--ac6174e5,Amaze Utilities,com.amaze.fileutilities,https://github.com/TeamAmaze/AmazeFileUtilities,272a2846c1af5314a9e75090b1a8472d6915b718,24641ad4b0b02759bc4e4826dbb153ccb78d11284072d3ea671a2b3d27dadde3,frozen_inputs/Amaze-Utilities--fragment_audios_list--ac6174e5
Amaze-Utilities--subtitles_search_view--5a396765,Amaze Utilities,com.amaze.fileutilities,https://github.com/TeamAmaze/AmazeFileUtilities,272a2846c1af5314a9e75090b1a8472d6915b718,97901fbded8152b8887568cef146edd8d31c3790cc4259d0e1e8e04982a2be15,frozen_inputs/Amaze-Utilities--subtitles_search_view--5a396765
Amaze-Utilities--welcome_permission_privacy_layout--c69fe08c,Amaze Utilities,com.amaze.fileutilities,https://github.com/TeamAmaze/AmazeFileUtilities,272a2846c1af5314a9e75090b1a8472d6915b718,9f1de2f5697ea31d74773a0611dab2ddeffa733026e767c312030ce8e9ed21e5,frozen_inputs/Amaze-Utilities--welcome_permission_privacy_layout--c69fe08c
Android-Password-Store--password_creation_activity--28e7ecfb,Android Password Store,app.passwordstore.agrahn,https://github.com/agrahn/Android-Password-Store.git,bcebd2918f34476bf68df4233ea052a938337c92,782458453116848e7f41dfd75d4ec43d581074cf718c8089af641d47b2c6c70e,frozen_inputs/Android-Password-Store--password_creation_activity--28e7ecfb
Authorizer--activity_otp_add--15f9cf7f,Authorizer,net.tjado.passwdsafe,https://github.com/tejado/Authorizer.git,06e8f7d87ddf9aafc5df5fc7380767d6de596a45,525d71993d7646f8fb112a561beefcc5fef0270d951526f60e030f99e48ad375,frozen_inputs/Authorizer--activity_otp_add--15f9cf7f
Authorizer--fragment_bluetooth--8c622489,Authorizer,net.tjado.passwdsafe,https://github.com/tejado/Authorizer.git,06e8f7d87ddf9aafc5df5fc7380767d6de596a45,0ce5aac45de2fe565199ae1ffca5ae371d087f6375022f2ba657f150420561d9,frozen_inputs/Authorizer--fragment_bluetooth--8c622489
Boilr--list_preference_row--ed45fd03,Boilr,mobi.boilr.boilr,https://github.com/drpout/boilr.git,ef21e83140ad7806ce1c3caccc16961a14a192bf,31ebf8c734e154d04745825780ec4b87f0729c07e8f2070094a99b617c23bab6,frozen_inputs/Boilr--list_preference_row--ed45fd03
Boilr--list_preference_search--75ddbbbd,Boilr,mobi.boilr.boilr,https://github.com/drpout/boilr.git,ef21e83140ad7806ce1c3caccc16961a14a192bf,dc9f174952e27e89836f9db96c20ad76ce823225f09cbd30aef982d4f7f54f68,frozen_inputs/Boilr--list_preference_search--75ddbbbd
Clock--desk_clock--df970726,Clock,com.best.deskclock,https://github.com/BlackyHawky/Clock,69a517e2abc1fa92e583c7891a9d5faf18777fb6,09baa90093cc520af874414d170385fe07f0104baf0f077aad3a4034dec5ee4c,frozen_inputs/Clock--desk_clock--df970726
Clock--ringtone_add_button--f909f73c,Clock,com.best.deskclock,https://github.com/BlackyHawky/Clock,69a517e2abc1fa92e583c7891a9d5faf18777fb6,4f0b355fdd90bcc7ae35628ebfced09322e93579d687430a003ccdb19d1b5463,frozen_inputs/Clock--ringtone_add_button--f909f73c
Crescent--advanced_settings--607de884,Crescent,app.crescentcash.src,https://gitlab.com/pokkst/crescentcash.git,f67dd1d01e39f48766d833663580c19221aa158c,38cdb0cef49f44b4d0def05d13d02c4fcc49c5c63546ce9ad31ba2fa03837f8e,frozen_inputs/Crescent--advanced_settings--607de884
Crescent--send--ce777c1d,Crescent,app.crescentcash.src,https://gitlab.com/pokkst/crescentcash.git,f67dd1d01e39f48766d833663580c19221aa158c,55d0ff696fd9bf0d9a5c65c1cbcc7d3670eae60e2a629bec14c79275e4d70ba2,frozen_inputs/Crescent--send--ce777c1d
Crescent--send_slp--479cb8b6,Crescent,app.crescentcash.src,https://gitlab.com/pokkst/crescentcash.git,f67dd1d01e39f48766d833663580c19221aa158c,91048195c504789f996b93f67f5a61224f37e30737ec7b656357f512270c81fd,frozen_inputs/Crescent--send_slp--479cb8b6
CryptoPass--bookmarks--9f1c370e,CryptoPass,krasilnikov.alexey.cryptopass,https://bitbucket.org/zeac/cryptopass.git,326e5edb072c6006e245fa84a514d11b78cb3c4a,7644320189de81b23fecba93f39f630242294cd065c03c20aea94e6f0239c35a,frozen_inputs/CryptoPass--bookmarks--9f1c370e
CryptoPass--main--3254f2d6,CryptoPass,krasilnikov.alexey.cryptopass,https://bitbucket.org/zeac/cryptopass.git,326e5edb072c6006e245fa84a514d11b78cb3c4a,d90b1b3d6e03325f4993212d6ea48293df0222a24087b791ae6c34e62dbcd649,frozen_inputs/CryptoPass--main--3254f2d6
Delta-Chat--fragment_view_log--bc50c0a8,Delta Chat,com.b44t.messenger,https://github.com/deltachat/deltachat-android.git,d5f627be501dc9ad1d314b62b36708f8afa2242b,f813d0322c21b4bebbe3c25bd0ae6f1c513f79fb855344f78bb6194b11b70a59,frozen_inputs/Delta-Chat--fragment_view_log--bc50c0a8
Delta-Chat--relay_list_item--ab583bad,Delta Chat,com.b44t.messenger,https://github.com/deltachat/deltachat-android.git,d5f627be501dc9ad1d314b62b36708f8afa2242b,2f7f8f64775562e67fc5d9a3d4dfc96da51953c59c5c99e7397916f1e540999b,frozen_inputs/Delta-Chat--relay_list_item--ab583bad
DuckDuckGo-Privacy-Browser--component_buttons--84110056,DuckDuckGo Privacy Browser,com.duckduckgo.mobile.android,https://github.com/duckduckgo/Android.git,b10c13f8328f6e610a9145b076a92ef9349bc1a8,480b8495c8bece1bf758c36f35f638b7618f603fef5635640b8d162413fcb6a0,frozen_inputs/DuckDuckGo-Privacy-Browser--component_buttons--84110056
DuckDuckGo-Privacy-Browser--view_brand_design_address_bar_position_picker--6b929aee,DuckDuckGo Privacy Browser,com.duckduckgo.mobile.android,https://github.com/duckduckgo/Android.git,b10c13f8328f6e610a9145b076a92ef9349bc1a8,3bcfd6fb90745a4aaa1ecd931067f64a11a1f606c4fcb399f70b7ac9c8524361,frozen_inputs/DuckDuckGo-Privacy-Browser--view_brand_design_address_bar_position_picker--6b929aee
DuckDuckGo-Privacy-Browser--view_dax_dialog--74273f21,DuckDuckGo Privacy Browser,com.duckduckgo.mobile.android,https://github.com/duckduckgo/Android.git,b10c13f8328f6e610a9145b076a92ef9349bc1a8,bedec07a6e0a47653c1be7167eccd83e4b5815de27c9f9cab64a22f70d09673e,frozen_inputs/DuckDuckGo-Privacy-Browser--view_dax_dialog--74273f21
DuckDuckGo-Privacy-Browser--view_site_protections_toggle--06e42e39,DuckDuckGo Privacy Browser,com.duckduckgo.mobile.android,https://github.com/duckduckgo/Android.git,b10c13f8328f6e610a9145b076a92ef9349bc1a8,821610c53d4f86517324113568f81085270ad01db8ef893481276d10835e6153,frozen_inputs/DuckDuckGo-Privacy-Browser--view_site_protections_toggle--06e42e39
Dumbphone-Assistant--list_item_phone--c55e51fc,Dumbphone Assistant,com.github.yeriomin.dumbphoneassistant,https://github.com/yeriomin/DumbphoneAssistant,0d9bcfe8f2d39c7bed3e00f537a93ace2f37e0a1,d233e4e7617685d3cd9f9eda44621627a4bca66bacc1d79e89b93ad4fdada6fe,frozen_inputs/Dumbphone-Assistant--list_item_phone--c55e51fc
Dumbphone-Assistant--list_item_sim--af628d2e,Dumbphone Assistant,com.github.yeriomin.dumbphoneassistant,https://github.com/yeriomin/DumbphoneAssistant,0d9bcfe8f2d39c7bed3e00f537a93ace2f37e0a1,da55341c81f2873fc6f2d1b16f957bf7062caf52bbc54f72f056e67b79bfa7eb,frozen_inputs/Dumbphone-Assistant--list_item_sim--af628d2e
Emerald-Dialer--dialog_clean_number_log--344adcd8,Emerald Dialer,ru.henridellal.dialer,https://github.com/HenriDellal/emerald-dialer.git,e21ad030af4369acb05529eb6432794b0a631f26,08d5c5761e27ceba4a299a0ec71afdab384c54a231c54d83dd630219ccbc8542,frozen_inputs/Emerald-Dialer--dialog_clean_number_log--344adcd8
Emerald-Dialer--main--4153d1b4,Emerald Dialer,ru.henridellal.dialer,https://github.com/HenriDellal/emerald-dialer.git,e21ad030af4369acb05529eb6432794b0a631f26,ca152b958837e096b8d51c590ea05e714ee8e07c9ebd0ae09be53c503a1abe4c,frozen_inputs/Emerald-Dialer--main--4153d1b4
Emerald-Dialer--speed_dial_pref_dialog--c63dfdb0,Emerald Dialer,ru.henridellal.dialer,https://github.com/HenriDellal/emerald-dialer.git,e21ad030af4369acb05529eb6432794b0a631f26,f26cbd7fb2d3083a695da9a427d47cc17585a8965d134b05639ba4864ea841a3,frozen_inputs/Emerald-Dialer--speed_dial_pref_dialog--c63dfdb0
FocusMastodon--compose_poll_option--025a8f7a,FocusMastodon,allen.town.focus.mastodon,https://github.com/allentown521/FocusMastodon.git,f55325d1a4cff75bed0cd47208685fe4ce6bcd05,c439a267f1e596c04fbe882d7b00824ef45b2d5ad1aed269276b7e2db3f058bf,frozen_inputs/FocusMastodon--compose_poll_option--025a8f7a
FocusMastodon--configuration_page--374bdb8f,FocusMastodon,allen.town.focus.mastodon,https://github.com/allentown521/FocusMastodon.git,f55325d1a4cff75bed0cd47208685fe4ce6bcd05,3962a4bbcc5fd0dd276cc868ba81a9253030af4f637e9ba8748ba7d1328f92b0,frozen_inputs/FocusMastodon--configuration_page--374bdb8f
FocusMastodon--fragment_onboarding_common--1104d579,FocusMastodon,allen.town.focus.mastodon,https://github.com/allentown521/FocusMastodon.git,f55325d1a4cff75bed0cd47208685fe4ce6bcd05,6e8e2daa61cf7a1b4bcad314f7450b9c83c205b17005a4857bf6310562ac91e6,frozen_inputs/FocusMastodon--fragment_onboarding_common--1104d579
FocusMastodon--item_blocked_user--d8534ce1,FocusMastodon,allen.town.focus.mastodon,https://github.com/allentown521/FocusMastodon.git,f55325d1a4cff75bed0cd47208685fe4ce6bcd05,c9cd01e3274c2db77d96c15f06808d9c94bc01b4fbe4a17f783b08666adac826,frozen_inputs/FocusMastodon--item_blocked_user--d8534ce1
FocusMastodon--user_chooser--83ecacd4,FocusMastodon,allen.town.focus.mastodon,https://github.com/allentown521/FocusMastodon.git,f55325d1a4cff75bed0cd47208685fe4ce6bcd05,d96819028d86f11fcd9e426614f3aab483149f643dbe9f3eaa90d97b6329bbc0,frozen_inputs/FocusMastodon--user_chooser--83ecacd4
FocusPodcast--edit_tags_dialog_layout--8bcf7035,FocusPodcast,allen.town.focus.podcast,https://github.com/allentown521/FocusPodcast.git,bf21b66ddea1b6197ceebf7a3e7d153353ee0359,89d0126e6b917bdfcf7e25f041e9f1b947b36b74b50c35cd7addcbe89d66715a,frozen_inputs/FocusPodcast--edit_tags_dialog_layout--8bcf7035
FocusPodcast--edit_text_dialog--c8ae443f,FocusPodcast,allen.town.focus.podcast,https://github.com/allentown521/FocusPodcast.git,bf21b66ddea1b6197ceebf7a3e7d153353ee0359,55cd17ea59770d1e10bf7a43a19e52d8e276cc078501161af322bd0369083ae1,frozen_inputs/FocusPodcast--edit_text_dialog--c8ae443f
FocusPodcast--episode_filter_dialog--8c459ee8,FocusPodcast,allen.town.focus.podcast,https://github.com/allentown521/FocusPodcast.git,bf21b66ddea1b6197ceebf7a3e7d153353ee0359,5c7bebf2fc9d4c25b03bfdf40e02a2d803da3a521116f5f35fe48d2e44a0de0d,frozen_inputs/FocusPodcast--episode_filter_dialog--8c459ee8
FocusPodcast--filter_dialog_row--aa611f49,FocusPodcast,allen.town.focus.podcast,https://github.com/allentown521/FocusPodcast.git,bf21b66ddea1b6197ceebf7a3e7d153353ee0359,f1debd793b30eddfcff114181a3cf09b5f44ece584d54539115892939cfa7ab7,frozen_inputs/FocusPodcast--filter_dialog_row--aa611f49
FocusPodcast--secondary_action--8fbb09bd,FocusPodcast,allen.town.focus.podcast,https://github.com/allentown521/FocusPodcast.git,bf21b66ddea1b6197ceebf7a3e7d153353ee0359,bf747eab5b7ee9b052e66124641c840415891daf20f1f9f86f6e6d42b7de8470,frozen_inputs/FocusPodcast--secondary_action--8fbb09bd
FreeOTP-Plus--add--4703c2e2,FreeOTP Plus,org.liberty.android.freeotpplus,https://github.com/helloworld1/FreeOTPPlus.git,e5807ee0ae74a9fe6cec61fc77f5a34ad2d9c352,46457edd73468e8933e59d3423f3619683c079a07454283eceed215f373cc4e3,frozen_inputs/FreeOTP-Plus--add--4703c2e2
Gear-Shift--replace_tracker_dialog--230bc8b7,Gear Shift,org.sugr.gearshift,https://github.com/urandom/gearshift,5e0077087ba5fadae81973146692eee5b72e499c,8ea4119ce1c7bb036387a1825d7f5a7de6c47f3fc6332e905b1c12df357c0add,frozen_inputs/Gear-Shift--replace_tracker_dialog--230bc8b7
Gear-Shift--transmission_session_bandwidth--623a6cc9,Gear Shift,org.sugr.gearshift,https://github.com/urandom/gearshift,5e0077087ba5fadae81973146692eee5b72e499c,cc7d91002aaaf66d9a6f667977ca5a2eb6417c035695cc765ac0563bee4df330,frozen_inputs/Gear-Shift--transmission_session_bandwidth--623a6cc9
Gear-Shift--transmission_session_connections--bd5be400,Gear Shift,org.sugr.gearshift,https://github.com/urandom/gearshift,5e0077087ba5fadae81973146692eee5b72e499c,5eb209d8fe42bfaac79d0f682d1f1dec5069bea4d7781394c3deb6a548f9e8c4,frozen_inputs/Gear-Shift--transmission_session_connections--bd5be400
Glucosio--activity_a1_calculator--461917ba,Glucosio,org.glucosio.android,https://gitlab.com/glucosio/glucosio-android.git,4443f3c63a79dec63999c0bc7c83bf8c39e1236a,ec347353beeed4b79e608c6386677dba0f69a7edf84d0bc9c472f50c914c944a,frozen_inputs/Glucosio--activity_a1_calculator--461917ba
Glucosio--fragment_assistant--c8a9c95d,Glucosio,org.glucosio.android,https://gitlab.com/glucosio/glucosio-android.git,4443f3c63a79dec63999c0bc7c83bf8c39e1236a,803d831b752d3328f88a9e2936f73a423b724641beecf61dada6047558cfea1e,frozen_inputs/Glucosio--fragment_assistant--c8a9c95d
Glucosio--fragment_history--5ff7a2b4,Glucosio,org.glucosio.android,https://gitlab.com/glucosio/glucosio-android.git,4443f3c63a79dec63999c0bc7c83bf8c39e1236a,3076bd1753ebac203cde5f4858364f84fea16bb43ccb6c6c0d9f11d841dd43eb,frozen_inputs/Glucosio--fragment_history--5ff7a2b4
HeaterRC--gpstracker--7a7f9c10,HeaterRC,com.dynamite.heaterrc,https://github.com/dynamitetuning/com.dynamite.heaterrc,735b0d1c21fed53ed46c712e196af652a266f3f8,5472199d23e041c76adbab6f8316b6fb573b07155dd8e6e9beacd34d02da086f,frozen_inputs/HeaterRC--gpstracker--7a7f9c10
HeaterRC--program--6c74c60c,HeaterRC,com.dynamite.heaterrc,https://github.com/dynamitetuning/com.dynamite.heaterrc,735b0d1c21fed53ed46c712e196af652a266f3f8,2ecf326065390cf69529ac8360cb896373d75856108b8d4185187de700d0076b,frozen_inputs/HeaterRC--program--6c74c60c
Infomaniak-Mail--fragment_ai_prompt--d0d44de2,Infomaniak Mail,com.infomaniak.mail,https://github.com/Infomaniak/android-kMail.git,dbf462e3552e3bdb5de3bf1c52db77d06ade6b28,6032830be38611ab1a807e7bc672e0161f6a4725a99c97ec6589318f55e1743c,frozen_inputs/Infomaniak-Mail--fragment_ai_prompt--d0d44de2
Infomaniak-Mail--fragment_encryption_password--a69f0e12,Infomaniak Mail,com.infomaniak.mail,https://github.com/Infomaniak/android-kMail.git,dbf462e3552e3bdb5de3bf1c52db77d06ade6b28,119bffbc77804fefd4f0a2fc8856eb59ccb8340d81b8eb4cb43b97f1b39b11e0,frozen_inputs/Infomaniak-Mail--fragment_encryption_password--a69f0e12
Infomaniak-Mail--fragment_search--3e5f60f4,Infomaniak Mail,com.infomaniak.mail,https://github.com/Infomaniak/android-kMail.git,dbf462e3552e3bdb5de3bf1c52db77d06ade6b28,ef9eeb2d6a2bae479c44a6dbf0468d609b78d7cfaa25be92ae46e365f4fc9ed0,frozen_inputs/Infomaniak-Mail--fragment_search--3e5f60f4
Infomaniak-Mail--fragment_thread_list--0366d8fe,Infomaniak Mail,com.infomaniak.mail,https://github.com/Infomaniak/android-kMail.git,dbf462e3552e3bdb5de3bf1c52db77d06ade6b28,cc6de3a672a681478492294f7e852e48842318fa2fc2203d0d0abb1dc8dacbfa,frozen_inputs/Infomaniak-Mail--fragment_thread_list--0366d8fe
Mindfulness-Meditation--list_item_downloadable--1ff893ab,Mindfulness Meditation,biz.binarysolutions.mindfulnessmeditation,https://github.com/vbresan/MindfulnessMeditation,e90ad6f65b575a757ab913e415e8752678855216,d43503305fc30a0129fd8b258338431680a60a105caf8169eb6233f338dae602,frozen_inputs/Mindfulness-Meditation--list_item_downloadable--1ff893ab
Ministocks--widget_1x2--47c20d3e,Ministocks,nitezh.ministock,https://github.com/niteshpatel/ministocks.git,f6e28d7a8c8142785049053813b67ef549bc722a,f4fe01589b6b06ee6f97bcc66f1cd35e50f48e6a7e353eda256e892169e02354,frozen_inputs/Ministocks--widget_1x2--47c20d3e
Ministocks--widget_1x4--fc2db1d6,Ministocks,nitezh.ministock,https://github.com/niteshpatel/ministocks.git,f6e28d7a8c8142785049053813b67ef549bc722a,25ef4c2035769e90354587da4297a2fc082b7be77ce51d02e19cfcef4ef8a08a,frozen_inputs/Ministocks--widget_1x4--fc2db1d6
Ministocks--widget_1x4_large--c1bb402a,Ministocks,nitezh.ministock,https://github.com/niteshpatel/ministocks.git,f6e28d7a8c8142785049053813b67ef549bc722a,a4bec56e45c73950f983dcdbeb7b27749bd339958307dafe81f94cf531214de6,frozen_inputs/Ministocks--widget_1x4_large--c1bb402a
Money-Tracker--activity_add_exchange_rate--4b806068,Money Tracker,com.blogspot.e_kanivets.moneytracker,https://github.com/xorum-io/open_money_tracker,0bd1332b5d0743f3fffe1452bc97b079f7f6e2ea,f7e60a112d9a1871f5ccdf0691ff9a4c029dc8869faed761adfbde4bcba9b4ee,frozen_inputs/Money-Tracker--activity_add_exchange_rate--4b806068
Money-Tracker--activity_add_record--768fe3ed,Money Tracker,com.blogspot.e_kanivets.moneytracker,https://github.com/xorum-io/open_money_tracker,0bd1332b5d0743f3fffe1452bc97b079f7f6e2ea,07c04f4eac0671c61807db30d179102f38433e0a999d31931743ffa1a93787b4,frozen_inputs/Money-Tracker--activity_add_record--768fe3ed
Money-Tracker--activity_import_export--77882190,Money Tracker,com.blogspot.e_kanivets.moneytracker,https://github.com/xorum-io/open_money_tracker,0bd1332b5d0743f3fffe1452bc97b079f7f6e2ea,9746f8e18abe8c24aeffdcfe6789c37c5f37ecfe74b900886ccf16ad3e4c83f2,frozen_inputs/Money-Tracker--activity_import_export--77882190
MoneyWallet--dialog_recurrence_setting_picker--af878423,MoneyWallet,com.oriondev.moneywallet,https://github.com/AndreAle94/moneywallet,071be04b63359f061138ae57af15a4d0d04d3627,31ca534bcefbdd53a12fbf0f8b27826db629d5c11f34cb675a8b90c3e448a8bf,frozen_inputs/MoneyWallet--dialog_recurrence_setting_picker--af878423
Motion-Eye--activity_main--483cc539,Motion Eye,com.jairaj.janglegmail.motioneye,https://github.com/JairajJangle/motioneye-android,c3d8fd408ebf3b03ce2094113ca9887f7e9dbfe4,0e6fe34beb502d9744925a3cfd1db95abc882107d451e0e1a6b92e67192a2bf1,frozen_inputs/Motion-Eye--activity_main--483cc539
MyExpenses--amount_edittext--cba24c96,MyExpenses,org.totschnig.myexpenses,https://github.com/mtotschnig/MyExpenses.git,b1058b7afff31ddd5b909d13f6f26def149eed7f,6efad988d65389c85c4d3c05ec87678c550ea22a34d5c33a062a526aa930348b,frozen_inputs/MyExpenses--amount_edittext--cba24c96
MyExpenses--calculator--9f8c6427,MyExpenses,org.totschnig.myexpenses,https://github.com/mtotschnig/MyExpenses.git,b1058b7afff31ddd5b909d13f6f26def149eed7f,49eb2e0527434946ba1d0b1ed3b8f2909e43c806323f3286e64100d566f84fc8,frozen_inputs/MyExpenses--calculator--9f8c6427
MyExpenses--contrib_dialog--9e244564,MyExpenses,org.totschnig.myexpenses,https://github.com/mtotschnig/MyExpenses.git,b1058b7afff31ddd5b909d13f6f26def149eed7f,4a91995d626aa9973e85ec211352ee05e20c5eca0723db565f4dc68793e70479,frozen_inputs/MyExpenses--contrib_dialog--9e244564
MyExpenses--date_format--11db5eda,MyExpenses,org.totschnig.myexpenses,https://github.com/mtotschnig/MyExpenses.git,b1058b7afff31ddd5b909d13f6f26def149eed7f,e83bf2b6b5a1a1d01b9662220317d576fb0af22f3508bf7741739e8fca6191eb,frozen_inputs/MyExpenses--date_format--11db5eda
MyExpenses--method_row--2255ba38,MyExpenses,org.totschnig.myexpenses,https://github.com/mtotschnig/MyExpenses.git,b1058b7afff31ddd5b909d13f6f26def149eed7f,9a2a872fe9af7388708398be23f680bf29057b24089ace27d580834d3b4020c2,frozen_inputs/MyExpenses--method_row--2255ba38
MyExpenses--onboarding_wizzard_ui--3939db99,MyExpenses,org.totschnig.myexpenses,https://github.com/mtotschnig/MyExpenses.git,b1058b7afff31ddd5b909d13f6f26def149eed7f,bb89d093418abecd77cce539f65e9e992f828946c5a346cd092e1ced8b371864,frozen_inputs/MyExpenses--onboarding_wizzard_ui--3939db99
MyExpenses--one_account--b31188a1,MyExpenses,org.totschnig.myexpenses,https://github.com/mtotschnig/MyExpenses.git,b1058b7afff31ddd5b909d13f6f26def149eed7f,cd3e38a921c5632dbf85ad17988d68d2587fa334f453b4e4e9566fef09b70e3a,frozen_inputs/MyExpenses--one_account--b31188a1
MyExpenses--package_container--a84ce06a,MyExpenses,org.totschnig.myexpenses,https://github.com/mtotschnig/MyExpenses.git,b1058b7afff31ddd5b909d13f6f26def149eed7f,5a404c51f467cbbc9277491a1f9bf3074e3af74e4984c07e9f01ab76a91d2ae1,frozen_inputs/MyExpenses--package_container--a84ce06a
PalmCalc-2019--about_fragment--68a45f11,PalmCalc 2019+,com.github.palmcalc2019.palmcalc,https://github.com/palmcalc2019/PalmCalc,287154fba46b68788075e57a4b022d5d6440a803,ae9f15661198cf8ad3b44f5a40736bb7774f363d233ac265cf06fba578fb279e,frozen_inputs/PalmCalc-2019--about_fragment--68a45f11
PalmCalc-2019--activity_scientific--cfd80143,PalmCalc 2019+,com.github.palmcalc2019.palmcalc,https://github.com/palmcalc2019/PalmCalc,287154fba46b68788075e57a4b022d5d6440a803,b25484dfb4e2a15bc23aab812fb60e3f45dba3ffa2cc2d7b98cf2f90225d8bca,frozen_inputs/PalmCalc-2019--activity_scientific--cfd80143
PalmCalc-2019--basic_final--30deba57,PalmCalc 2019+,com.github.palmcalc2019.palmcalc,https://github.com/palmcalc2019/PalmCalc,287154fba46b68788075e57a4b022d5d6440a803,d16151b6bfa5e484784b8782480ac410399c3c35ecc56a7b1d1fa305f3262069,frozen_inputs/PalmCalc-2019--basic_final--30deba57
Prav--actionview_search--c4f4fbe0,Prav,app.prav.client,https://codeberg.org/prav/prav.git,9d6943f270679bf8d4d6cfa9eb181af72d4ffdc5,24da4775a8ef6d6a8440c19819133edac02f38c55bf89435439712e8fbeded21,frozen_inputs/Prav--actionview_search--c4f4fbe0
Prav--activity_enter_number--9be435a5,Prav,app.prav.client,https://codeberg.org/prav/prav.git,9d6943f270679bf8d4d6cfa9eb181af72d4ffdc5,40c3ebc660c8a117c2ed11f8f05531d8e44a2b4ff71697424bb2aeee391f604b,frozen_inputs/Prav--activity_enter_number--9be435a5
Prav--dialog_quickedit--585924ff,Prav,app.prav.client,https://codeberg.org/prav/prav.git,9d6943f270679bf8d4d6cfa9eb181af72d4ffdc5,6a7272f2a539f96e43a3520b9d68c498bfb304a1700e6a78ab28c46b4a23ce4b,frozen_inputs/Prav--dialog_quickedit--585924ff
Prav--item_account--91f3f68c,Prav,app.prav.client,https://codeberg.org/prav/prav.git,9d6943f270679bf8d4d6cfa9eb181af72d4ffdc5,53bd2562f4d329454b5b1a82c60e2a4a4195c455d697844d995ec894c6750f05,frozen_inputs/Prav--item_account--91f3f68c
Prav--item_device_fingerprint--c2a4f706,Prav,app.prav.client,https://codeberg.org/prav/prav.git,9d6943f270679bf8d4d6cfa9eb181af72d4ffdc5,c85f363f34c57571f5da5c80e0d6bdc95d57614c4753b78baa8a2ec2ae06300c,frozen_inputs/Prav--item_device_fingerprint--c2a4f706
Pro-Expense--fragment_expense_entry--86101b83,Pro Expense,com.arduia.expense,https://github.com/arduia/ProExpense.git,300a8170200fc70f1b6d3d4ab6c1e5c08fc7d98a,c4f8179df7a845d01877b35eef1695a06e8aa343595b4d550d469c95433805b9,frozen_inputs/Pro-Expense--fragment_expense_entry--86101b83
Pro-Expense--fragment_feedback--ee989fa3,Pro Expense,com.arduia.expense,https://github.com/arduia/ProExpense.git,300a8170200fc70f1b6d3d4ab6c1e5c08fc7d98a,fc10a4cf20d02f27da9cf9b54475ec11cec584dd67e698124ff9ebaa248c9f9e,frozen_inputs/Pro-Expense--fragment_feedback--ee989fa3
Puff--activity_add_account--ac3f1413,Puff,sun.bob.leela,https://github.com/PuffOpenSource/Puff-Android.git,6b66bcf531e726107e08e89bd9d459c4837ef3b2,278b35d4c491250b944b5bed9354c81688891841d65569954b99b8b39e1ee292,frozen_inputs/Puff--activity_add_account--ac3f1413
Puff--activity_add_type_dialog--e4e5601f,Puff,sun.bob.leela,https://github.com/PuffOpenSource/Puff-Android.git,6b66bcf531e726107e08e89bd9d459c4837ef3b2,fb92f87bd156b7bf41207052afdde62d69d20caa434cb69352e0828ec97c5fd3,frozen_inputs/Puff--activity_add_type_dialog--e4e5601f
Puff--fragment_step_intro--23cf7af6,Puff,sun.bob.leela,https://github.com/PuffOpenSource/Puff-Android.git,6b66bcf531e726107e08e89bd9d459c4837ef3b2,004f8227c6652221976bbff68745e57f84154c5d234bceb6479e7fbb63ee2149,frozen_inputs/Puff--fragment_step_intro--23cf7af6
QuickLyric-old--tutorial_4--658229ba,QuickLyric (old),be.geecko.QuickLyric,https://github.com/geecko86/QuickLyric,9847aa13ad4c4ee07d1dc13b5bde7892ac0716c5,a2816bccc810f42f2de5ab2814b589e1a0fa61d9247cf6eff7083a22372f460d,frozen_inputs/QuickLyric-old--tutorial_4--658229ba
RGB-Tool--color_list_row--f178b7fa,RGB Tool,com.fastebro.androidrgbtool,https://github.com/fasteque/rgb-tool,fef1ca039161741c22a4c13efdd13cf4dd6292b3,6b2ea58259ad960dd56ece6077b749a94744d3cf9d43ed41cc4ef319abf00126,frozen_inputs/RGB-Tool--color_list_row--f178b7fa
RasPi-Check--activity_raspi_edit--7f2e9887,RasPi Check,de.eidottermihi.raspicheck,https://github.com/eidottermihi/rpicheck,28b5e65aa8ab4f19627ebd65d3eda4a27cd85991,bf9e8cbadf22ee5f546822c8454221864221f07c4d3c15c01ed8d374922c04db,frozen_inputs/RasPi-Check--activity_raspi_edit--7f2e9887
RasPi-Check--activity_raspi_new_auth--733f4637,RasPi Check,de.eidottermihi.raspicheck,https://github.com/eidottermihi/rpicheck,28b5e65aa8ab4f19627ebd65d3eda4a27cd85991,83b84cdd13fe20943cc94480b3b51120d3728fa8dba50f95f0533cb8a2e9c719,frozen_inputs/RasPi-Check--activity_raspi_new_auth--733f4637
RasPi-Check--command_placeholder_row--22c31be9,RasPi Check,de.eidottermihi.raspicheck,https://github.com/eidottermihi/rpicheck,28b5e65aa8ab4f19627ebd65d3eda4a27cd85991,a719ed3127f6b00d6c4abb909cbb44ab90eedffbd489163d62dd526a9310b78b,frozen_inputs/RasPi-Check--command_placeholder_row--22c31be9
Session--activity_appearance_settings--eaff7c46,Session,network.loki.messenger.fdroid,https://github.com/session-foundation/session-android.git,09d77582d2490ba46bba96bb6730ab9e8750916e,cb250c8bcb72649fcf245c3bf26f8440598f2494616d27c03e23e2a992077759,frozen_inputs/Session--activity_appearance_settings--eaff7c46
Simple-sms-remote--content_module_settings_grant_phone_remotely--75ead28b,Simple sms remote,tranquvis.simplesmsremote,https://github.com/tranquvis/SimpleSmsRemote,fdfa1f2d3b8304e572fd15ab2ca264452f10b156,7b02f978bc51d04ddcb2ed36681b585a826385d101625aa7eb11950816e0cb91,frozen_inputs/Simple-sms-remote--content_module_settings_grant_phone_remotely--75ead28b
Smartcoins-Wallet--activity_account--1c78a1cf,Smartcoins Wallet,de.bitsharesmunich.smartcoinswallet,https://github.com/kenCode-de/smartcoins-wallet.git,690ed7c9c5e5d99966483e532cafe151ad5aea55,373bfccbbc6974a03c2072fa6cee13d18dd6f5615ed48a0a41029372d28b3f8b,frozen_inputs/Smartcoins-Wallet--activity_account--1c78a1cf
Smartcoins-Wallet--activity_backup_brainkey--cf93ad40,Smartcoins Wallet,de.bitsharesmunich.smartcoinswallet,https://github.com/kenCode-de/smartcoins-wallet.git,690ed7c9c5e5d99966483e532cafe151ad5aea55,c8ec83a2e2a249e403a79ac12f686646fb48abf57ca10e455dcd2e462c04df58,frozen_inputs/Smartcoins-Wallet--activity_backup_brainkey--cf93ad40
Smartcoins-Wallet--add_contacts--f5704558,Smartcoins Wallet,de.bitsharesmunich.smartcoinswallet,https://github.com/kenCode-de/smartcoins-wallet.git,690ed7c9c5e5d99966483e532cafe151ad5aea55,e3a9be3463a16b94d5431bfaaf2821868b1f6fe0e351fdaeb25886bd02c35e4e,frozen_inputs/Smartcoins-Wallet--add_contacts--f5704558
Smartcoins-Wallet--content_setting--3b80baa2,Smartcoins Wallet,de.bitsharesmunich.smartcoinswallet,https://github.com/kenCode-de/smartcoins-wallet.git,690ed7c9c5e5d99966483e532cafe151ad5aea55,c47e813a8a2f5da56140092cb8502dba4aaaafab8500674acc68f48711ba991f,frozen_inputs/Smartcoins-Wallet--content_setting--3b80baa2
Trivia-You--dialog_download--fb56f16a,Trivia You,com.bnyro.trivia,https://github.com/you-apps/TriviaYou.git,71adf5c5d3f3017272daf86f451572cc4b25f22f,d4aa2ad943b7b6ddb59c9bf59fa06b7ba2e873b7f124ba08c10b32eb725a6187,frozen_inputs/Trivia-You--dialog_download--fb56f16a
Trivia-You--dialog_edit_text--68e304c1,Trivia You,com.bnyro.trivia,https://github.com/you-apps/TriviaYou.git,71adf5c5d3f3017272daf86f451572cc4b25f22f,1c8b07daa18e071b3cba9cb2f36aa0cb7739eb53c62210fe3d1016599035a35a,frozen_inputs/Trivia-You--dialog_edit_text--68e304c1
Trivia-You--fragment_create_quiz--e9ee6c16,Trivia You,com.bnyro.trivia,https://github.com/you-apps/TriviaYou.git,71adf5c5d3f3017272daf86f451572cc4b25f22f,1e48c1c1a71b9aca27422b80a1e18c031dd28c276c396b03975296a98b94e2e6,frozen_inputs/Trivia-You--fragment_create_quiz--e9ee6c16
XBMC-Remote--remote_xbox--5dfff70d,XBMC Remote,org.xbmc.android.remote,https://github.com/freezy/android-xbmcremote.git,9dd0d41d55639b846fad0d49fc316042962c3dbf,98d6c90e56483479fde528562b35065f35be4012a64a91bfff8ce3c9811e62ea,frozen_inputs/XBMC-Remote--remote_xbox--5dfff70d
XBMC-Remote--remote_xbox--d9024394,XBMC Remote,org.xbmc.android.remote,https://github.com/freezy/android-xbmcremote.git,9dd0d41d55639b846fad0d49fc316042962c3dbf,40dabf6a6c4c49ce94ac232e9930c647c7666b02c760f6e8510497b42baed81b,frozen_inputs/XBMC-Remote--remote_xbox--d9024394
app.dumdum--layout_edit_group--607bfb40,app.dumdum,app.dumdum,https://github.com/Project-Mandarin/DumDum,21d8c767ad0528c02fc46ba9046eb2116d789632,2cefe1414b352c469c40a0f1c986bfda3bd23b96db68efb56880474d57cf38b0,frozen_inputs/app.dumdum--layout_edit_group--607bfb40
app.dumdum--layout_group_item--9dd42fb6,app.dumdum,app.dumdum,https://github.com/Project-Mandarin/DumDum,21d8c767ad0528c02fc46ba9046eb2116d789632,7cb8f7e7f03ad878cf876a3ad373f5b39829644dc3584d5adb9ed71713e07f7b,frozen_inputs/app.dumdum--layout_group_item--9dd42fb6
app.dumdum--layout_password_dialog--29af31e0,app.dumdum,app.dumdum,https://github.com/Project-Mandarin/DumDum,21d8c767ad0528c02fc46ba9046eb2116d789632,3a44c2ec32e35e11d5630ee46a1017970cf4f8b3bced24d5d12197538045876c,frozen_inputs/app.dumdum--layout_password_dialog--29af31e0
ch.threema.app.libre--activity_notifications--b109b57d,ch.threema.app.libre,ch.threema.app.libre,https://github.com/threema-ch/threema-android.git,ef63ad83fff7f2828cb899e2557848e13a210835,b851ea49d81e4916504e704a4839edcb7c7676113d8a776ebfdafb722d8e33bb,frozen_inputs/ch.threema.app.libre--activity_notifications--b109b57d
ch.threema.app.libre--activity_sessions_intro--e6a3b705,ch.threema.app.libre,ch.threema.app.libre,https://github.com/threema-ch/threema-android.git,ef63ad83fff7f2828cb899e2557848e13a210835,b888e84da94e80635bbd7f9dcb256bd8350b094cd35a996dc3b45bc216ccaf10,frozen_inputs/ch.threema.app.libre--activity_sessions_intro--e6a3b705
ch.threema.app.libre--activity_wizard_restore_id--5ee0f5bc,ch.threema.app.libre,ch.threema.app.libre,https://github.com/threema-ch/threema-android.git,ef63ad83fff7f2828cb899e2557848e13a210835,cd1b21ca6e98ebaeb98337a0bc48eaa2676066445584a2349d895e5957b5b404,frozen_inputs/ch.threema.app.libre--activity_wizard_restore_id--5ee0f5bc
ch.threema.app.libre--dialog_new_contact--7b8bd4fe,ch.threema.app.libre,ch.threema.app.libre,https://github.com/threema-ch/threema-android.git,ef63ad83fff7f2828cb899e2557848e13a210835,72f99b4859bd4cea72668f5c8cbc75c47d21704ad7008600815f3747d2298c05,frozen_inputs/ch.threema.app.libre--dialog_new_contact--7b8bd4fe
ch.threema.app.libre--fragment_wizard3--e03056b4,ch.threema.app.libre,ch.threema.app.libre,https://github.com/threema-ch/threema-android.git,ef63ad83fff7f2828cb899e2557848e13a210835,2d2973c73dceb8e0e04582e4ec42f0821bbd7adbc4a2775812e1e42feeb4c8b4,frozen_inputs/ch.threema.app.libre--fragment_wizard3--e03056b4
mythmote--dialog_rename--a2763b42,mythmote,tkj.android.homecontrol.mythmote,https://github.com/pot8oe/mythmote,3ce6dc3a62ff5e65ac6ce9f9f1b752042335b2c7,d25b276edd2d11d5785ff2c4f4c230f34f1cb617971596125d13210c3fd98d4b,frozen_inputs/mythmote--dialog_rename--a2763b42
mythmote--fragment_mythmote_interactivetv--e349e4fe,mythmote,tkj.android.homecontrol.mythmote,https://github.com/pot8oe/mythmote,3ce6dc3a62ff5e65ac6ce9f9f1b752042335b2c7,5e662db6331d1ed0590ae5048fd4018b03f9a3516ba64ec93d7f239f96772833,frozen_inputs/mythmote--fragment_mythmote_interactivetv--e349e4fe
mythmote--fragment_mythmote_keyboardinput--09580f28,mythmote,tkj.android.homecontrol.mythmote,https://github.com/pot8oe/mythmote,3ce6dc3a62ff5e65ac6ce9f9f1b752042335b2c7,e3b5509a1b359ad725975ab1d4276bfd95fe5e51a2c9a075dc8ccc86154b195b,frozen_inputs/mythmote--fragment_mythmote_keyboardinput--09580f28
sesam--activity_myprofile--4a0f917e,sesam,de.larcado.sesam,https://gitlab.com/larcado/sesam.git,8f8a1e5e9122555add8f9f06345d4c568439db0c,c9cf0904c9c9c4668edc22a105a8b082b6d2962cce01da5ceb7dec2eb71cc963,frozen_inputs/sesam--activity_myprofile--4a0f917e
sesam--dialog_domain--557028e9,sesam,de.larcado.sesam,https://gitlab.com/larcado/sesam.git,8f8a1e5e9122555add8f9f06345d4c568439db0c,2198bf840f58d20a7d737f55d5879be02d125c9a1f1ec03d6e8d61e1f6f08502,frozen_inputs/sesam--dialog_domain--557028e9
sesam--dialog_profile--b0db8e89,sesam,de.larcado.sesam,https://gitlab.com/larcado/sesam.git,8f8a1e5e9122555add8f9f06345d4c568439db0c,e6009f7835a624a07f0c846f4f9a0af59b40224bcc008cb509a696ca43fd6b37,frozen_inputs/sesam--dialog_profile--b0db8e89
